{"centers": [[-24.4173302827058, 23.434323928974294, -1.9292885429329343], [-23.571604350256543, 20.374965879652237, -1.8174994313527668], [-20.90435291031032, 15.117875626943643, -1.6650024907102863], [-18.047957288176775, 10.428534715160378, -1.476392468282663], [5.193181425796271, 6.295635012284599, -1.1776213560663014], [8.109486211135186, -2.7628317567725023, -0.8968697123006594], [24.324506043126345, 8.418215158755187, -1.1806786948095553], [26.813147206460275, 8.032696277864519, -0.7854316167293056], [29.036177673339843, 7.24289228439331, -0.9650885401169459], [40.08735224405925, -0.6861017641300956, -0.5131873019039631], [-22.684412023678036, 17.30049718877926, -1.2180745771010424], [-0.3793035484942994, -5.377314567195749, -1.5882363279492733], [-0.2633552399708157, 8.150813071518684, -1.9649975803540445], [-16.87410850929287, -0.7697898070852836, -1.8455599042636346], [5.423866159491924, -9.321961749683727, -0.05635648507644797], [5.190994186170561, 12.246884857732384, -0.3075252603133789], [-4.719108420706424, -19.84739632697266, 0.1720102144552512], [23.275323462096168, -7.702137013142561, 0.12875195656810315], [28.747696335607838, 13.635853578921834, 0.07577493900006173], [17.436541834373358, 12.838859712676536, -1.3855055632576665], [0.023722682846385203, -8.327628560728673, -0.8508884018486885], [-3.7618974638176446, 14.48359469399632, -0.7320782301822929], [-26.46051522334078, 16.622370387862937, -0.3230555886434172], [10.825058195712792, -6.441564303070959, -0.8172321473377464], [17.14104320184831, 13.012002613374358, -0.15948322666481998], [11.068493805506277, 7.06525283451014, -1.558148072326722], [-40.99164129403921, -4.49384667150533, 0.6087913599724953], [17.767914138154357, 7.6697998046875, -1.505756228269931], [14.57794969479243, -2.3490247269471487, -1.3452284569541613], [15.550151195166245, -2.9850553217923865, -0.08348943126159457], [17.97209413884359, 9.350788518002158, -0.1432211419576378], [-24.574563491038788, 9.192898823664738, -0.29542579480773234], [11.481922742232536, 8.977889968353567, -0.2643588485141981], [-7.8628786910663955, 16.785610697486185, 0.27305076720023697], [23.640892122612623, -2.5186069715218466, 0.007909185543167786], [-18.831512280433408, 3.505931566004461, -1.7977599142539886], [4.423150055110455, -3.419631571819385, -0.47369750682264566], [3.9846102048272956, 5.536401905425607, -0.6561698426352176], [-11.982526530958202, 5.507151616762762, 0.4379180861662512]], "nodes": [0, 0, 0, 0, 0, 0, 0, 0, 0, 0, 0, 3, 3, 3, 5, 5, 5, 5, 5, 6, 7, 7, 7, 7, 7, 7, 7, 7, 7, 8, 8, 8, 8, 8, 8, 9, 10, 10, 11], "pose": [0.7384821987, -7.22072e-05, 0.6742729692, 3576.811653, -0.6258632994, -0.3721434964, 0.6854227517, -1314.296624, 0.2508768078, -0.9281752059, -0.2748665392, 221.369106]}