{"centers": [[0.598534687087708, 2.351015794793355, -0.606360450454594], [6.003463702699158, 2.3995220348878874, -0.9240871060388219], [-6.763513720726507, -2.3747682322826806, -1.1212748557150483], [13.474461211393564, 2.8472959129741304, -0.7475493842350083], [-13.39947937344605, -2.3008313072177597, -0.968496569414746], [17.72156293487549, -1.768253799200058, -0.7022943161129952], [20.320757270659378, 2.9318042233486303, -0.6263415311406922], [0.23312875280986314, 3.0233831085076854, -1.1156032521183752], [0.9583261619423749, -3.650211134763308, -1.6292482458432667], [-5.932169337111703, 4.217267384969175, -1.774820238094277], [5.333213451209369, 3.7313472013752738, -1.6568055916745383], [-16.434797492816294, 4.819202834181934, -1.722123488533697], [-1.938596032995116, -9.197042771081664, -0.15184810717497277], [-2.807667574842631, 9.360843251744507, -0.34127446439320275], [-26.799974864067252, 8.716972559381963, -1.2410156122769382], [2.503908542388263, 6.553905453911439, -0.29885212976963604], [4.083088182000124, -4.198757605435311, -1.4439923554360052], [-7.027380311698244, -5.884672839241219, -1.6133324687642263], [8.930769404319868, -3.6440496297731793, -0.36494558237569585]], "nodes": [0, 0, 0, 0, 0, 0, 0, 0, 3, 3, 3, 4, 5, 5, 6, 8, 9, 9, 10], "pose": [1.0, 0.0, -2.98314e-10, -4.65661e-10, 9.31323e-10, 1.0, 0.0, 0.0, 5.09317e-11, 0.0, 1.0, 0.0]}